PictureName,Brightness,Contrast,Saturation,Tint,Shade,ExtraRed,ExtraGreen,ExtraBlue
Ave.,-3.908130076,-1.353178609,10.54550711,4.948730154,4.454866872,22.03271451,24.54739286,13.63719686
1.jpeg,-5.708401278,-1.902496815,10.25931454,4.795929044,4.42821905,25.39315414,24.55050659,9.503880501
１.jpeg,-6.338379532,2.656427212,10.53785324,4.503440484,2.116081491,31.40978432,42.15530396,10.06123066
1.jpg,-5.166565627,-0.936134346,10.43804932,5.212278664,3.26571539,33.66392136,30.63739586,10.95400906
１拷貝.jpeg,-2.861003578,0.962668844,10.50216484,5.023900792,3.919142485,15.57010651,27.89373398,10.91180801
１拷貝2.jpeg,-3.204115108,-1.663089544,10.3530941,5.317680538,4.36774902,20.13384056,20.2247963,10.27041626
2.jpeg,-5.787660554,-0.566374511,10.25122643,4.270897433,5.174031854,12.60136795,23.13706207,8.693921089
2.jpg,-6.803815067,0.853827037,10.34735394,4.009666294,4.028566554,18.3241806,32.20204163,8.586806297
２.jpeg,-1.126901433,1.133321412,10.61004734,5.381259322,3.614305705,17.76608276,25.63088417,12.54779434
２拷貝.jpeg,-2.340067178,6.31E-05,10.47989178,5.198895559,4.016364366,16.95428276,23.50164413,10.53470516
3.jpeg,-0.865696184,1.828087308,10.73782158,5.430885404,3.099257685,31.2589283,28.74318314,15.90696144
３.jpeg,-4.990490153,0.288094953,10.46983528,4.763519019,3.268194199,23.93678284,32.04897308,9.997286797
3.jpg,-6.667022407,-2.557658032,10.18239403,4.05654721,5.08326143,22.3664093,24.76932716,8.37455368
3拷貝.jpg,-4.816725105,-0.296352804,10.43294048,4.965776578,4.90793176,8.97670269,21.70261383,11.49768162
３拷貝.jpeg,-6.333329529,-0.144105963,10.23413086,4.000620916,5.103646219,11.31850529,24.82211304,8.635994911
4.jpeg,-3.515993804,-0.925962999,10.56037521,4.908259958,4.757500067,10.4118042,22.85509109,13.96302605
３拷貝2.jpeg,-3.124226257,-1.915311068,10.21578503,5.209958181,5.522891507,10.07645512,12.94824028,9.587057114
6.jpeg,-3.427589685,-1.895222068,10.32738304,5.594279617,4.130972922,27.64099121,22.01805496,10.56073475
10.jpeg,-5.034732446,-3.460159898,10.17309475,4.440031201,5.995123461,16.04932022,15.40789986,8.926193237
11.jpeg,-5.051571503,-5.876222253,10.29157829,5.889133364,4.04464975,47.8865242,19.02677345,12.22884464
7.jpeg,-3.522481769,-0.223955512,10.42329597,5.230332166,3.662186116,24.5866127,27.3363018,10.3229351
8.jpeg,-6.507799774,-2.298532799,10.19951248,4.425242171,4.881935567,22.06908989,25.0812645,8.663233757
１３.jpeg,-4.420071468,-1.134388335,10.55883598,5.05900234,5.200144276,8.81977272,20.54208183,13.65609741
４.jpeg,-2.763531357,-1.148817409,10.65164471,5.350160599,4.224455357,10.53653526,23.42980957,13.40712738
2022-01-23.jpg,-5.892843381,-1.751013473,10.29099655,4.913161695,3.878581524,31.38574028,28.754179,9.710412979
９.jpeg,-6.603912264,-4.269464314,10.15066624,3.869624436,5.416691676,23.99072456,21.09470749,8.256142616
６.jpeg,-6.615420431,0.973580964,10.33906555,4.204302281,3.914139047,16.92812157,32.22681427,8.442107201
１０.jpeg,-4.107024148,-1.065876521,10.49918938,5.233499035,5.083148926,8.788454056,19.67412186,12.59801197
2022-09-04.jpg,-8.790641278,-3.399770707,10.13741207,3.285937011,5.196470767,27.4289856,28.72205353,7.340044022
１１.jpeg,-3.927883133,-2.175482549,10.65237331,5.089941621,5.420199782,8.974207878,19.48054314,15.62658119
７.jpeg,-5.174517632,-1.830630377,10.28792477,4.833668098,4.566623271,22.30873871,23.65303802,9.647798538
7.jpg,-5.822709948,-1.146316715,10.22226429,4.182086512,5.38844876,12.69483662,21.68776321,8.633435249
７４.jpeg,-4.945074022,0.042583793,10.43277836,5.049391836,4.807079211,8.738060951,21.95491028,11.19701958
８.jpeg,-5.416019633,-1.709105074,10.18164921,4.302907735,5.566892028,12.67107773,18.79011154,8.741393089
１４.jpeg,-5.555406958,-3.040807694,10.14012814,5.031048134,4.817308113,26.11862564,20.75452423,9.800836563
2022-10-23.jpg,-3.680901602,0.259207562,10.67076302,5.673926324,1.685561612,54.16816711,37.52267456,13.23044682
9.jpeg,-4.175022617,-1.229273062,10.52018833,4.837170988,5.194612592,9.526226997,20.52152634,14.15176201
2020-02-01.jpg,-1.660041511,1.394412108,10.6614275,5.624220148,2.708479762,34.31507111,31.06639481,12.63555145
2022-08-26.jpg,-6.303615123,-1.702979207,10.28548813,4.479581863,4.164675623,27.5328846,27.94918442,9.212960243
54.jpg,-8.132147789,-0.282360241,10.22126389,3.530199826,5.038617179,15.49337578,29.3445015,7.875274658
69.jpg,-6.884025782,-3.642752022,10.13516712,4.136217013,5.426210538,23.68240738,21.9251976,8.441854477
2022-09-17-16-20-56-959.jpg,-1.946002059,0.548771955,10.58915615,5.759315938,2.896418795,35.29465103,28.49835014,12.55144596
７０.jpeg,-10.26478782,-2.277124859,10.25492573,3.268612549,3.613533825,42.12696838,41.14948273,8.158948898
5.jpeg,-3.732440248,-0.642054901,10.51590443,5.373492464,4.480551928,9.320384979,21.70347214,12.01550865
７１.jpeg,-5.438406765,0.174819492,10.30165672,4.546270519,5.019649863,9.157671928,22.11831093,9.839007378
７３.jpeg,-6.391108781,-2.359087579,10.19783115,4.402703047,4.850548878,22.91293716,24.99325943,8.621656418
2023-03-30.jpg,-4.559817538,-1.839210093,10.46590614,5.386169255,2.817553654,40.60577011,30.6977253,11.26657772
2018-03-20.jpg,-3.31181176,-5.461192504,10.27010345,5.815166607,4.835126922,29.2746048,13.98260307,11.00117397
2022-10-31.jpg,-1.801780239,-2.587158605,10.29002857,5.971940979,4.78627719,21.1618309,12.5617075,10.94493675
４拷貝.jpeg,-2.262349799,0.449463911,10.49365902,5.260230228,4.034493119,15.7153492,24.78718948,11.07569885
2022-12-20.jpg,-9.621863812,-5.014679581,10.06122971,3.942059726,4.178827628,46.20151138,31.12177658,8.934528351
６拷貝.jpeg,-2.522102185,0.08983016,10.49774551,5.301755667,3.595235571,17.03887177,25.70489502,10.42026138
2023-02-04.jpg,-7.37920925,-0.649370253,10.1870079,3.923174739,4.941463098,18.02784157,27.40469742,7.901144981
１２.jpeg,-3.249106556,-2.471068501,10.54509354,5.237595364,5.545823276,9.104644775,16.78421402,14.45112991
12.jpeg,-4.785731807,-3.748467565,10.19710732,4.710464925,5.109864473,23.30428886,18.81882095,9.041941643
５.jpeg,-4.759049043,0.488786586,10.47876358,5.048372597,2.731666714,32.58738327,33.98704529,10.40733147
７５.jpeg,-4.446153343,-0.657388009,10.32005024,4.89243716,4.950156063,9.654847145,19.88018799,10.07818413
2022-10-22拷貝.jpg,-3.560625017,-1.478198078,10.26225281,5.029965192,4.984119162,14.00548363,18.81282234,9.271016121
2018-07-09.jpg,-2.602080256,-1.735990308,10.36634922,5.496806279,4.53867875,17.93281174,17.61906433,10.86897373
５拷貝.jpeg,-5.170882866,-0.096029229,10.2837534,4.288959503,4.619917274,11.81759071,23.75756454,8.855088234
2023-04-23.jpg,-5.705429241,-0.663783401,10.40360546,5.299613625,2.874768712,40.48608398,32.52510834,10.9515934
2023-01-01.jpg,-8.391422033,-2.024516836,10.25594807,4.164578021,3.579819947,41.97504044,35.52360153,9.12996769
2023-01-07.jpg,-2.479247749,-4.815216362,10.28243256,5.829746649,5.239535496,17.86585617,10.2571373,10.90947914
2022-10-09.jpg,-6.228026003,-0.805693865,10.54137897,5.525397882,1.295667142,58.03528214,42.10855865,11.91083622
2023-03-30 (1).jpg,-4.934720695,0.046150573,10.32308578,4.668745026,4.835612699,9.465138435,22.06576538,9.860863686
2022-10-09拷貝.jpg,-3.866731748,-0.625150278,10.53177834,5.587038398,2.915202267,40.59583282,29.86021996,12.38402367
2023-04-05.jpg,-6.103935838,2.031979151,10.56276608,5.068561807,1.650450379,40.59526062,43.19551468,10.92733479
2021-11-04.jpg,-3.590117767,-1.533406507,10.61636448,4.407178611,5.580971763,10.90465832,20.10125542,17.465662
2023-05-16.jpg,-5.747129768,-3.112889454,10.20409203,4.580932111,4.796542972,25.25284958,23.61966133,8.870881081
2022-12-15.jpg,-4.856355861,-2.39709951,10.3789444,5.201716349,3.782074898,33.00254822,27.16526985,10.80659485
2023-05-18.jpg,-3.802172467,-2.698082849,10.37507248,5.780143663,3.637907654,37.21727371,21.5682106,11.4020319
44.jpg,-8.524339646,-2.412482724,10.1211977,3.430884331,5.528241396,20.7806015,26.3472538,7.57408905
2023-05-21.jpg,-4.720923305,-0.430922024,10.41534519,5.278175324,3.446249664,33.98920441,29.0862751,11.00490093
2023-01-06.jpg,-4.306869581,-1.453056838,10.32851315,4.954698682,4.6682477,15.84095287,22.29993057,9.823994637
2022-10-09 (1).jpg,-2.48527918,1.287256368,10.62014198,5.408909917,2.938497439,27.22071457,31.0289669,11.7983551
2023-01-31.jpg,-0.451526139,-0.547652692,10.55584621,5.862811953,4.1537866,30.07917404,17.77750015,15.2289257
39.jpg,-3.201217577,0.590991415,10.60727596,5.000723153,3.69829312,17.46728897,28.44008446,11.30082417
2023-06-06.jpg,-4.254060611,0.305378437,10.4363451,5.107336864,4.135030881,9.628959656,24.3903923,10.5795126
2023-01-11 (1).jpg,-0.613488536,-1.062132977,10.60055065,6.015309319,3.617680445,31.58467293,20.6072731,13.52713394
６拷貝2.jpeg,-2.810553648,-0.904670358,10.33720875,5.015762895,4.471580684,11.05684566,19.91448402,9.896697044
2022-10-22.jpg,-2.558099851,-2.328741923,10.21803284,5.254084244,5.249404162,14.29994869,13.97579193,9.336501122
2023-04-04拷貝.jpg,0.595779251,1.247294433,10.95611286,5.59698455,2.882642485,37.09266281,29.67585373,18.70118904
2023-04-14.jpg,-3.265960515,-0.385159068,10.39719009,5.091036111,4.181265458,15.46117878,23.01945686,9.893549919
30.jpg,-3.454862162,-0.852954201,10.54096413,5.515337363,2.871571854,37.5994873,29.95129776,11.90276432
2022-11-20.jpg,-2.066289261,-2.705968171,10.70190048,3.856113181,6.933259964,13.30973434,12.68169308,22.47173309
2022-12-04.jpg,-2.902344987,-0.331882015,10.55343819,5.870478973,2.846500464,37.20721817,27.91415977,12.7073555
2023-04-26.jpg,-1.70314461,-0.26659742,10.5418663,5.563069135,3.823423386,28.57421494,23.66900635,12.54410934
2023-06-23.jpg,-5.603636429,-0.186597742,10.2724638,4.32048142,4.960937053,12.09421921,22.98888397,8.883194923
2023-01-25.jpg,-2.614987455,0.905492716,10.52602482,5.211318657,3.533544764,20.03706741,26.60292435,10.84764004
2022-10-04.jpg,-2.991514839,-0.305080973,10.46464825,5.212017149,3.90188992,20.67038727,24.97645569,10.64119339
2023-03-12.jpg,-4.834622145,-1.444012765,10.2899704,4.718448967,4.679390416,16.83249092,23.035429,9.125268936
2023-04-04.jpg,-4.074536264,-1.505919453,10.59089947,4.947179556,5.149789527,9.549519539,21.05287933,14.82742119
2021-04-30.jpg,-4.301615804,-2.096800879,10.19104671,4.720852524,5.724149197,11.30719852,15.50703239,9.061311722
2018-08-08.jpg,-5.515307933,-3.553032875,10.2732563,5.011784285,4.161018133,35.29880524,23.87683487,10.19312668
2022-12-28.jpg,-3.202034533,-1.766530424,10.35284519,5.418282747,4.688655585,20.64117813,16.7646904,12.49259949
2023-02-13.jpg,-4.554755241,0.231469981,10.43742943,4.849873483,3.597073257,25.62304688,29.17224693,10.07304668
2023-07-04.jpg,-0.696468074,-0.621121377,10.55014324,5.796213448,3.861298412,24.86454964,21.92766953,12.38801575
2023-07-21.jpg,-4.41807285,0.696044602,10.43515873,4.854240268,3.500426561,20.64923096,28.81966591,9.79236412
2023-07-30.jpg,-6.811355054,-0.444213673,10.22752285,4.011130333,4.907756671,16.17203331,26.84082985,8.133392334
2023-08-19 (1).jpg,-6.413786113,-2.248105593,10.25138283,4.413702339,4.57123518,24.36859894,26.76760864,8.915929794
2023-08-19 (2).jpg,-3.233117238,-1.606780663,10.41858196,5.339027941,3.808224201,29.26393127,23.89940643,10.83937263
2023-08-19 (3).jpg,-6.714058667,-4.770388454,10.21342754,4.784630239,4.115528613,41.80771255,25.36872292,10.06199646
2023-08-19.jpg,-3.33238095,-1.610893384,10.49083614,5.939617753,2.887726575,44.28202057,27.55481339,12.26840401
2023-09-05.jpg,-9.237553179,-0.724352337,10.22524643,2.969233692,4.643858224,24.13239288,35.29288483,7.213006496
2023-09-26.jpg,-4.576378688,-3.394145519,10.21130371,5.055434257,4.971327633,23.13077164,18.47027206,9.606048584
2023-10-14.jpg,-1.689255983,0.90897847,10.58214951,5.757384747,3.014037944,33.64485168,28.58819008,12.36267757
2023-10-21.jpg,-6.467822194,-3.24218832,10.13422585,3.861653805,5.752925202,19.30302238,20.06677055,8.041034698
2023-11-12.jpg,-2.055238187,0.663677789,10.57409668,5.559548363,3.136904538,35.90881729,28.64741135,12.32128239
2023-11-25.jpg,-0.653261039,1.311916299,10.80007935,5.841364712,2.738107741,43.18694305,29.89025879,16.33199692
16797792_1275466989196937_8315238292589664600_o.jpg,-2.237041667,-1.729971915,10.52673626,6.04400225,3.090637922,38.99261475,24.93466949,12.51371098
17038650_1283518058391830_502856314290461953_o.jpg,-3.189418092,-3.167298064,10.76294422,4.456317797,6.279035658,10.68376637,16.65219498,20.92291641
20210730_142952_HDR.jpg,-4.002183303,3.471034765,10.75856113,5.510386825,1.274335012,42.15210342,43.84071732,13.32537556
20220403_125534.jpg,-3.431636095,-2.287010476,10.26269913,5.438743159,4.836477339,21.79252625,16.1355629,10.31856155
20221130_104014.jpg,-5.565017834,-0.370347686,10.34447098,4.700342566,3.929423541,21.60261536,28.77636528,9.274251938
20221130_104624.jpg,-7.825693488,-0.354983471,10.28301811,3.462899476,4.571322352,19.00220108,32.23078156,7.884669304
20230328_103030.jpg,-2.737466618,1.255019568,10.60945511,5.400516093,2.854591422,30.96528244,31.56344986,11.89405155
26229986_789691884571587_2372183043255044504_n.jpg,-2.465755865,0.12801066,10.6095705,5.334921181,3.340658545,25.3988266,28.61503029,11.80432129
C_1.jpg,-0.877944753,-0.085608475,10.68177795,5.791813135,3.25794667,24.76722145,25.12733459,13.76702118
C_2.jpg,-1.781007089,1.488747634,10.82694817,5.344066024,2.819146216,16.56695747,32.202034,13.53562832
C_3.jpg,-3.352186829,-0.909930468,10.53637791,5.146990344,4.63263765,10.3037405,22.09412766,12.87084389
C_4.jpg,-2.822495624,1.27688963,10.61732292,5.319191143,2.794300206,23.86130524,31.89488411,11.3146925
C_5.JPG,-5.080503225,-0.238738954,10.32184124,4.693719745,5.181255192,9.273777008,20.43089676,10.18050861
C_6.jpg,-5.069519952,-1.062555984,10.3816576,4.931383952,3.515364975,33.24798203,28.60613251,10.25113773
C_7.jpg,-4.530515894,-1.03376992,10.48771191,4.650768638,5.259578303,11.66420555,19.60927582,14.2535038
C_8.jpg,-0.894289091,0.968199782,10.66701126,5.654589832,3.177886456,32.03969574,27.28787613,13.5395298
C_9.jpg,-3.63596715,0.147047825,10.56292725,5.540548638,2.887476422,38.74789429,31.09725571,12.4989233
C_10.jpg,-5.013554916,-0.698825531,10.40563107,4.724919796,3.838566691,23.22190666,28.14995766,9.838623047
c1.jpeg,-2.823041752,-1.678720862,10.30433273,5.398640782,4.476973414,20.69079971,18.58163834,10.00599384
c2.jpeg,-6.705886126,-1.796063781,10.24149227,4.49052155,4.241517931,29.55354118,28.61213112,9.048582077
c3.jpeg,-4.790064692,-3.212352097,10.21247959,4.988376051,4.893257096,24.40491486,18.87125969,9.602944374
c4.jpeg,-6.218114123,-1.788313314,10.24117947,4.496026412,4.683179781,21.81864929,25.91433907,8.980626106
C4_5.jpg,-5.880224332,-1.254901383,10.22261047,4.167262465,5.169195682,14.80781937,23.0565567,8.39248085
c5.jpeg,-6.739120185,-1.396911498,10.17001724,3.745070845,5.449925736,14.41076279,22.68481445,7.986109734
DE_1.jpg,-6.885657459,1.223791949,10.46280861,4.185158387,2.625182271,33.1864624,40.73085785,9.374947548
DE_2.png,0.491833594,0.099734776,10.94902039,5.618492141,3.249123693,48.4212532,22.59396935,23.32698822
DE_3.jpg,-3.643965721,-2.535144985,10.28261948,5.243459716,4.417417571,25.06120682,20.28749847,9.914656639
DE_4.jpg,-2.379643358,-2.065101452,10.46582413,6.192944571,2.993434668,37.85359955,22.84424591,12.15253639
DE_5.jpg,-4.83013913,-1.180145331,10.37113285,5.407214537,3.113613278,39.42855835,28.59685326,10.78860092
DE_6.jpg,-0.682169013,1.700794511,10.58925152,5.361215398,3.793796897,24.35784912,24.18406677,14.09891033
DE_7.jpg,-1.70314461,-0.26659742,10.5418663,5.563069135,3.823423386,28.57421494,23.66900635,12.54410934
DE_8.jpeg,-4.446153343,-0.657388009,10.32005024,4.89243716,4.950156063,9.654847145,19.88018799,10.07818413
DE_9.jpg,0.595779251,1.247294433,10.95611286,5.59698455,2.882642485,37.09266281,29.67585373,18.70118904
DE_10.jpg,-6.332162023,-3.454611078,10.07757568,4.508870095,5.163653567,26.54814339,20.99723053,8.875867844
DM_1.jpg,-2.104270086,-1.810719632,10.32191181,5.434393138,5.026840419,12.43419743,14.90270042,10.40931988
DM_2.jpg,-1.87766552,-1.063916832,10.64094639,5.950370431,2.906886302,40.66932297,27.21681023,13.47275925
DM_3.jpg,-2.517081052,-0.693402067,10.47418976,5.547121912,3.846284002,28.9924984,23.17889214,11.86227322
DM_4.jpg,-1.217526756,0.150149129,10.48502254,5.319749564,4.396574572,21.48147392,20.79191399,12.55284691
DM_5.jpg,-5.214007944,-4.026665166,10.53012085,5.891030282,1.658676192,67.60949707,33.10084534,12.85636139
DM_6.jpg,-5.565017834,-0.370347686,10.34447098,4.700342566,3.929423541,21.60261536,28.77636528,9.274251938
DM_7.jpg,-5.018024892,0.001970865,10.39871216,4.93285954,4.854005575,8.924925804,21.8147316,10.89266205
DM_8.jpg,-4.997107387,-0.109133124,10.77851105,4.902914539,3.934093565,10.59605598,30.74763489,14.84891319
DM_9.jpg,-5.765932798,-1.076080278,10.90987873,4.808790237,4.790844396,9.463665009,30.12946129,17.76034546
DM_10.jpg,-5.163906515,0.134645216,10.37499237,4.804417863,4.66965884,9.085398674,22.96143341,10.36941242
DTF_1.jpg,-4.349028319,-0.180915184,10.4148674,4.798356444,3.880627826,20.15640259,27.20749474,9.766143799
DTF_2.jpg,-0.916979741,-1.77655071,10.71602249,4.373966157,5.911782011,16.88807106,15.58666801,19.7408638
DTF_3.jpeg,-3.290399164,-1.644454151,10.21174145,5.164927989,5.305176973,9.59533596,14.31300259,9.638497353
DTF_4.jpg,0.54501472,-0.182060897,11.01104355,4.408420622,5.051899701,21.15968323,24.14225769,22.34043503
DTF_5.jpg,-6.663203239,-2.052155137,10.33349419,4.361290485,3.274681419,40.08776855,33.92422867,9.216413498
DTF_6.jpg,-2.902344987,-0.331882015,10.55343819,5.870478973,2.846500464,37.20721817,27.91415977,12.7073555
DTF_7.jpg,-4.074536264,-1.505919453,10.59089947,4.947179556,5.149789527,9.549519539,21.05287933,14.82742119
DTF_8.jpg,-3.859152645,-2.562435344,10.27017212,5.323718488,4.950549826,19.55050659,17.54856873,10.11744404
DTF_9.png,-0.201376155,1.533483528,11.16468334,5.177951232,2.713137493,27.82413292,37.40005493,19.64295578
DTF_10.jpg,-2.695693634,-2.302137017,10.41031742,6.315518916,4.201141745,32.34989166,11.55288124,14.49283218
F_blh (6).png,-0.201376155,1.533483528,11.16468334,5.177951232,2.713137493,27.82413292,37.40005493,19.64295578
g1.jpg,-0.003673974,-0.2883479,10.69912529,5.998015404,3.593805805,39.94592667,20.47503853,16.84240913
g2.jpg,-6.674268842,-0.46395734,10.43235016,4.747959971,2.922279574,39.27909088,35.60712814,10.44744396
g3.jpg,-3.187999502,-1.707260683,10.45170212,5.468061939,3.574203327,35.0745697,25.1981163,11.3920269
g4.jpg,-3.512198851,-4.811406508,10.27439404,5.457572639,4.780076444,28.68906021,15.2985363,10.55433559
g5.jpg,-2.958554775,1.23814214,10.87509441,6.317150593,0.259519368,64.61654663,45.67179489,14.79066563
g6.jpg,-2.664321102,-1.556984708,10.48860741,5.244056135,4.939157143,9.853023529,18.68807602,12.88700485
g7.jpg,-3.798625246,-1.21123055,10.36666203,5.521867424,3.76355201,29.59890175,24.58259773,10.75152206
g8.jpg,-3.111732751,-1.898198575,10.47642422,5.855105445,3.575473279,31.29508591,20.88138199,12.74956322
g9.jpg,-4.263266176,-4.245209321,10.19309998,4.757008702,5.908064917,16.57400131,13.82487774,9.217186928
g10.jpg,-3.001922742,-0.035968237,10.47068882,5.160731077,3.85701023,11.39465618,23.69316864,10.27595329
g11.jpg,-0.923279114,1.000167243,10.80920792,5.598870665,2.568287775,34.53445816,32.17605972,14.37817478
g12.jpg,-1.447823085,-1.615645923,10.54057693,5.986605212,3.661480546,31.52484131,20.27265167,12.85233879
g13.jpg,-4.987753555,-0.323261693,10.44501591,5.213389546,5.151934177,8.39738369,20.00476074,11.72094059
g14.jpg,-2.468258142,1.926633157,10.85512924,6.095170602,0.969066843,56.66332245,43.00873184,14.65135765
g15.jpg,-3.647822887,-5.119942129,10.40090179,6.306227297,3.461168706,44.78611374,19.58362961,12.49852276
g16.jpg,-3.569162264,-0.958755612,10.50115204,5.547266454,3.174629062,34.82022476,27.95527077,11.73019695
g17.jpg,-4.586869851,1.321571507,10.69330025,5.540267006,1.630850881,52.83751678,40.66991425,13.48679543
g18.jpg,-4.066541046,-0.470099412,10.38874912,5.153008178,4.770918936,9.147233009,19.78841782,10.83403015
g19.jpg,0.003769435,-1.273860596,10.62005138,6.125415489,3.657291085,32.51111984,19.27509689,14.09846783
g20.jpg,-6.037286669,0.404709578,10.42316151,4.720949382,2.875309438,33.87014389,35.69055176,9.877715111
g21.jpg,-1.778437942,-0.497834571,10.62875938,5.960358679,3.064169362,36.87543106,24.38990784,13.99535179
g22.jpg,-3.622830659,-3.133108839,10.28253746,5.530206487,4.865460843,21.55311203,17.25149155,10.48266792
g23.jpg,1.170707401,1.12568941,10.85185242,5.072338879,4.190902039,24.99803162,24.10976982,17.71189308
g24.jpg,-5.169455707,0.111024268,10.38110256,4.960428551,4.704019427,8.693684578,22.18654633,10.4894228
g25.jpg,-1.351208799,-2.514420077,11.31075191,4.979065433,3.104912117,37.49456787,37.50473785,23.64698219
g26.jpg,-6.587874144,-0.351357646,10.45887375,4.535567015,2.804224193,37.98549271,37.54668045,10.16484737
g27.jpg,-2.72388868,-3.350462765,10.26153374,5.656135455,5.07998988,20.81532669,13.00788498,10.52055168
F_blh (2).png,-3.173660859,0.469504111,10.52743053,5.490501225,3.036832437,35.13442993,29.87708855,11.76590157
F_blh (3).png,-3.488539904,1.097751968,10.47048092,5.152758956,3.668863699,16.39295387,27.88855553,10.70757675
F_blh (4).png,-0.151015818,2.239745669,10.73307323,5.618987978,3.109985963,25.89327431,29.65726852,13.77368927
F_blh (5).png,-2.956455946,-0.672526285,10.45976639,5.62829338,3.402654082,27.97089005,25.66446686,11.20359325
F_cbjj (1).png,-2.968541905,-2.845017239,10.35954475,5.356581137,5.181074888,18.17246628,14.02173615,12.36338997
F_cbjj (4).png,-7.652515173,-7.842243463,11.58732033,2.896058187,8.898647875,10.68839073,20.01665306,40.9625473
F_cbjj (5).png,-5.200499669,-6.144397706,11.19014549,4.276193678,7.273089141,9.636414528,18.6640625,29.339077
F_cdenc (1).png,-2.949816734,0.776674785,10.58341694,5.229794979,3.451169655,14.58239555,28.24618912,11.03712273
F_cdenc (4).png,-3.711914644,2.015501447,10.60671234,5.0550621,2.844867297,23.18457794,33.00238037,11.63296413
F_cdenc (5).png,-2.571693063,-2.524475567,11.11667824,4.297592118,5.978505686,14.59826946,23.80135345,25.52901077
g28.jpg,-0.971529074,1.577334665,10.67922783,5.315098912,3.568269685,19.61989594,27.48724365,13.03429794
g29.jpg,-4.058648646,-2.756383829,10.25367451,5.070199817,4.672899842,23.1362381,19.51622772,9.586909294
g30.jpg,-4.347963259,-3.657873347,10.4166584,5.811047554,3.434947878,40.80324554,24.81355476,11.89577198
g31.jpg,-3.498325124,-1.465959474,10.42465687,5.712369084,5.551252514,8.307785988,14.32908344,11.77750969
g32.jpg,-3.394200653,-2.477052063,10.78256607,4.434088245,5.997102335,10.74612236,18.62604523,20.3664875
g33.jpg,-0.106656551,1.244939677,10.73198223,5.229818821,3.80714871,26.77895546,25.54571915,15.34548759
g34.jpg,-3.506473452,-3.963272274,10.81235886,4.900410026,6.104438007,9.661688805,17.78432846,20.37090492
g35.jpg,-6.398063153,-1.901232079,10.30308914,4.395047575,4.322507605,22.65304565,27.33104134,9.137026787
g36.jpg,-2.366543189,-0.360388309,10.4533205,5.363059789,3.904160857,22.65206146,23.22722626,10.77072525
g37.jpg,-4.007154331,-1.189616695,10.53276253,5.385608971,5.117024854,8.557429314,18.97491455,12.90413475
g38.jpg,1.954398304,1.073345728,11.26511478,4.34785746,4.40716818,41.79492569,25.72785378,28.88901901
g39.jpg,-4.092860967,-6.480383128,10.27040291,5.187435448,4.23565954,38.09812164,19.52853966,9.892775536
g40.jpg,-3.71388793,-1.754192449,10.16987324,4.747092724,5.61978519,10.82268715,14.42552376,8.900863647
g41.jpg,-2.180137858,-2.18145512,10.9695816,3.733357042,6.490444392,14.6909132,19.39200211,26.03925705
g42.jpg,-4.207104817,-0.497256219,10.46453476,5.501351506,2.953114361,36.75709915,30.83218765,11.27816391
g43.jpg,-4.353987053,-1.720750704,10.16537189,4.564307258,5.848134309,10.55461788,14.97478771,8.804641724
g44.jpg,-0.741668604,0.510326959,10.65611553,5.372923985,3.897206858,18.34885025,24.67002678,13.01169968
g45.jpg,-5.153299123,-0.557636842,10.35544395,4.751909524,3.947458789,24.25700378,27.34309196,9.610537529
g46.jpg,-4.342162609,-5.086892098,10.22009659,5.006884411,5.147176236,27.59238625,15.96694183,9.898750305
g47.jpg,-2.201025188,-1.686145738,10.67787743,4.615244642,5.661314726,12.0132618,15.2728157,19.14572334
h1.jpeg,-1.964817569,-3.463952616,11.27913952,3.898981586,6.096519157,13.79751015,25.79817772,27.29925919
h2.jpeg,-6.683629751,-1.767781377,10.32409191,4.781012237,3.454492241,38.63748169,32.40572357,10.00110626
h3.jpeg,-5.064963922,-0.12024343,10.44053841,5.088686571,5.000891536,8.564604759,21.14997864,11.53017235
h4.jpeg,-1.607321948,-2.698316611,10.72704506,4.791773856,5.635497347,11.70722675,18.98052788,18.05673981
h5.jpeg,-2.592361718,-1.715071499,10.2707634,5.368417874,5.042251572,14.64274979,15.34649467,9.810375214
h6.jpeg,-4.604661837,-1.224550605,10.16942692,4.524460435,5.411784351,10.71822166,17.46531296,8.748868942
h7.jpeg,-3.862087056,-2.972488105,10.83469963,4.569437355,5.943246186,9.883563995,19.95140839,20.44731331
h8.jpeg,-3.392417729,-3.39339152,10.99578094,3.938443959,6.754169613,12.32140446,17.62596321,26.2587204
h9.jpeg,-2.097122557,-2.073180303,10.57578182,4.984470457,5.273493379,11.47140694,19.05044556,15.02002621
hh1.jpeg,-5.245387554,-1.007271372,10.46381187,5.24132587,2.537094057,43.86964417,33.32746124,11.25475311
hh2.jpeg,-3.01807709,-3.416333348,10.74060822,4.602592438,6.271690875,10.48097515,15.96278286,20.2680378
hh3.jpeg,-5.731304735,-0.691301562,10.24094772,4.475243762,4.525079578,21.01303482,26.16324425,8.523304939
hh4.jpeg,-3.563866019,-0.704886578,10.29559135,5.033700913,4.491398484,12.81858826,21.08190918,9.281042099
hh5.jpeg,-4.371093959,0.171474554,10.40914345,4.778786004,4.131269082,11.01087093,25.08506393,9.83071804
hh6.jpeg,-4.057662934,-1.38923144,10.56890011,5.219618976,5.191745237,8.727903366,19.73220634,13.61783886
hh7.jpeg,-3.863718733,-2.659760788,10.25293636,5.17160669,4.912809655,18.48869324,18.50128555,9.641310692
hhhh1.jpg,-0.530013721,2.459801547,10.93955994,5.393673852,2.398617938,32.10057068,35.10793686,16.44309425
hhhh2.jpg,-3.834414482,-1.800770871,10.39862347,5.271395296,3.897978365,29.7099247,24.19838715,10.7698307
hhhh3.jpg,0.536750723,3.308419138,11.08642197,5.283408985,2.266915143,31.29388809,37.18618011,17.92370605
hhhh4.jpg,-0.571322534,2.835158817,11.29360962,5.0336238,2.028087154,32.62906647,41.51483536,21.62626266
hhhh5.jpg,-3.789750114,-2.068271674,10.60612965,5.176499113,5.393254757,8.881157875,18.70729065,14.78205395
hhhh6.jpg,-3.999334946,-2.297200263,10.69775009,5.107437447,5.440719798,8.885111809,19.8037529,16.24471283
hhhh7.jpg,-1.661008596,-1.470000762,11.46790123,4.374304786,4.877126217,17.14266205,34.77500916,27.07164001
hhhh8.jpg,-0.64576529,-1.237971801,10.90358448,4.619416222,5.159122869,22.48737335,21.54904175,21.99613571
hhhh9.jpg,-1.888098195,-3.508539498,10.87151623,4.707001895,5.848733708,11.44457626,19.70597839,20.15287018
hhhh10.jpg,-6.481460482,-7.226319611,11.49388313,4.324005917,7.44349882,8.699604034,22.8786068,32.9018631
hhhh11.jpg,-8.145405352,-8.664616942,12.29450035,3.316212818,8.372942358,8.718667984,35.74086761,45.04192734
hhhh12.jpg,-5.3307347,-5.974765122,11.41756248,4.251863062,6.929889321,9.449401855,25.16210175,30.42291641
hhhh13.jpg,-2.577965334,-0.57641305,10.45618629,5.540402234,3.593660891,27.57457733,23.56056213,11.20210838
hhhh14.jpg,-4.475283995,-2.199433371,10.95796394,4.748098552,5.282266065,10.0826273,27.65129852,19.75230408
hhhh15.jpg,-3.435372561,-1.567802019,10.30282021,5.143304169,4.753883183,15.03417873,18.62399101,9.7117939
hhhh16.jpg,-6.448462605,-8.822870255,12.04265118,2.591518313,9.01818946,11.17150879,29.60743523,45.42998505
hhhh17.jpg,-2.279282734,-2.232835069,10.46921921,6.105493009,3.266083449,36.72237778,22.04000854,12.10062122
hhhh18.jpg,-4.053431749,-1.613782346,10.82969475,5.155490339,4.656008631,9.805106163,25.97240829,16.29023361
hhhh19.jpg,-4.47203964,-3.706482798,11.15868282,4.692596942,5.900044739,9.661456108,26.83271408,23.39095306
hhhh20.jpg,-5.833764374,0.728953071,10.41437531,4.694335163,4.446469992,9.143184662,26.03928757,10.45254517
hhhh21.jpg,-2.946446463,-3.372576833,11.76284409,3.694546968,5.978453532,15.51524734,36.881073,33.96156693
hhhh22.jpg,-5.691891909,-3.507587686,11.21565247,4.476218671,5.966928974,9.496716499,28.72553635,24.86912155
hhhh23.jpg,-2.98287943,-1.298061106,10.91196823,4.958478361,4.695399106,14.84110355,26.37952232,18.73893547
hhhh24.jpg,-2.864317596,-0.697040372,10.69174576,5.256682634,4.174048081,12.63755131,26.52014923,15.09413433
hhhh25.jpg,-1.843952388,-1.867954805,10.5889349,6.350794435,2.756973542,44.3356514,24.10821915,13.71527004
hhhh26.jpg,-3.927877918,-4.381816089,11.19553471,3.969875351,6.689313054,11.14252377,23.58055496,27.87401962
hhhh27.jpg,-10.52463055,-9.808943421,12.75756836,3.135445714,8.637191355,7.960247993,42.933918,51.99494934
hhhh28.jpg,-11.11946106,-10.15291587,12.88364601,3.078369983,8.803150058,7.676113605,44.39701462,53.99317932
hhhh29.jpg,-9.812322259,-9.518651664,12.61293316,3.144166991,8.648954332,8.225708008,40.13859177,50.19284439
hhhh30.jpg,-2.315751091,-2.240912057,10.3547287,5.640442297,4.398854077,20.48140144,18.21607971,10.57650375
hhhh31.jpg,-2.679905854,-0.516981818,10.42634869,5.411493033,4.073391482,19.57897186,22.54541588,10.70726967
hhhh32.jpg,-2.387750521,-0.737504102,10.44157505,5.662246048,3.924721479,23.91841125,22.16319466,11.36172962
hhhh33.jpg,-4.280687496,-1.562644914,10.68040752,4.816105217,5.273156241,10.34160995,21.78660202,16.57126808
hhhh34.jpg,-0.686853193,0.315814465,10.73833656,5.12965098,4.166130349,20.01576996,24.3531723,15.95587635
hhhh35.jpg,-2.637535334,-3.457890823,11.78225422,3.573863208,6.20585829,17.14544296,34.8026886,35.81454849
hhhh36.jpg,-2.140600234,-3.240739554,11.36916065,3.708949685,6.560319662,19.91319656,25.50152016,31.72603989
hhhh37.jpg,-2.869339287,-0.203420036,10.38715649,5.187306926,4.435794428,15.21569633,21.27732849,10.42526817
hhhh38.jpg,-5.057042837,-2.949006297,11.25571632,3.934417665,5.883086845,11.42943001,31.76444817,26.36802673
hhhh39.jpg,-5.451405421,0.35541486,10.39033222,4.603316635,3.462064266,26.57884789,31.08469772,9.518057823
hhhh40.jpg,-1.769912057,-0.599694625,10.46827412,5.577377975,4.088239372,21.736866,21.10380173,11.4465704
hhhh41.jpg,-1.155418716,2.619506232,10.80367756,5.787946284,2.035792172,39.99530411,34.97698212,14.5385952
hhhh42.jpg,-1.351147611,-3.678815067,11.59636593,3.955326974,6.175849959,17.12913895,30.61751556,31.62612915
hhhh43.jpg,-2.572215162,-2.900683135,11.07317352,4.255548865,6.0643062,12.59076691,23.84906387,24.29131317
hhhh44.jpg,-2.552733943,-2.257508412,10.20783043,5.204315111,5.648748577,10.17917347,11.74855423,9.318729401
hhhh45.jpg,-4.175234213,-1.157780457,10.28878784,4.694421589,5.058253556,11.74839592,19.25123787,9.2396698
hhhh46.jpg,-2.977068909,-0.10620784,10.37731552,5.146492645,4.289327189,15.409235,21.73641586,9.844423294
hhhh47.jpg,-4.995634779,0.385170989,10.38770771,4.615442455,4.055323452,14.69895554,28.25142479,9.218405724
hhhh48.jpg,-2.383858711,-0.345188193,10.685812,5.381998792,3.649637103,12.64926338,27.70170021,13.36543655
hhhh49.jpg,-1.940780133,1.248936541,10.57669735,5.477515608,3.295324743,21.81980896,27.97595978,11.71009636
hhhh50.jpg,-4.992659017,-4.582257196,11.00063229,4.594690353,6.674035639,9.418452263,18.13859177,25.10482597
hhhh51.jpg,-5.12335375,-2.641957253,11.39198208,4.51451987,5.046855658,10.58913994,36.5135994,24.70751381
hhhh52.jpg,1.937087625,4.220242798,11.19726563,4.744628444,3.34476009,31.24751282,34.5949707,22.80313683
ih1.jpg,-4.432117194,-0.299297273,10.46777534,5.251189321,4.756359756,8.707746506,20.92860794,11.61353874
ih2.jpg,-2.389504947,-5.116317421,11.56436825,3.833055496,6.688116491,13.59887505,27.96730995,32.10150909
ih3.jpg,-1.591987349,-2.202718705,10.91552734,4.361178353,5.782127753,13.91601753,20.4607811,21.93498611
ih4.jpg,-4.223414138,-1.428920031,10.59582996,5.341503024,5.150080472,8.516242027,19.98205185,13.7851963
ih5.jpg,-2.239768207,0.33137165,10.63166523,5.59835881,2.63116248,38.13273621,30.56662941,12.40435982
ih6.jpg,-3.614607081,-2.336286008,10.64840031,5.050133169,5.497024581,9.197657585,18.50264359,16.10465431
ih7.jpg,-4.216964543,-1.38039533,10.56735802,4.847961292,5.227975547,9.554477692,21.18590546,14.78339005
ih8.jpg,-3.126830608,-2.445100062,10.81657982,4.344166443,5.956395715,11.15990067,17.26849937,21.58040237
ih9.jpg,-7.050966471,-9.867461026,12.17323685,2.855857834,9.077782929,10.35647106,31.54065704,46.65053177
ih10.jpg,-3.646798804,-1.913104579,10.33947468,5.172706023,5.878480524,8.949689865,13.35099983,11.82400227
ih11.jpg,-4.594133794,-1.130904816,10.57351398,4.827100411,5.215921998,9.235560417,21.47204971,14.54049683
ih12.jpg,-2.92198807,-2.536293305,10.55365372,4.971470311,5.761747062,9.89397049,16.47657967,15.83016396
ih13.jpg,-4.865462705,-0.145509653,10.49009705,4.927798733,4.654854164,9.231412888,23.57761765,12.03263283
ih14.jpg,-4.599219561,-5.465758219,11.33224392,4.534528032,6.655798852,9.412109375,25.09511566,27.67052841
ih15.jpg,-2.150249109,-3.644314036,10.57456303,4.772742093,6.299328804,20.07737732,12.5658226,18.59594727
ih16.jpg,-7.678195089,-7.818180323,10.08948994,5.223069713,4.98223491,53.4853096,22.62773895,11.06518745
ih17.jpg,-1.128462888,0.244026445,10.67413139,5.874853581,2.768049389,37.2359848,28.64484215,13.40348434
ih18.jpg,-5.210041255,0.244336948,10.4049511,4.933232814,4.727436975,8.769371033,22.83878708,10.738657
ih19.jpg,-2.915221639,0.293926336,10.46606445,5.417307094,3.740308434,29.19052124,26.14470291,11.52582836
ih20.jpg,-3.173917532,-2.311742119,10.88169289,4.406966269,5.368094519,12.0429306,25.41254807,20.19326973
ih21.jpg,-4.539908096,-0.442657061,10.49557304,5.114944652,4.886399582,8.784651756,21.46158981,12.18594837
ih22.jpg,-8.64988789,-1.31776398,10.41003323,4.224808514,2.61391867,47.16861725,42.40274811,9.976677895
ih23.jpg,-5.047334358,0.218597613,10.33339405,4.650405422,4.749497771,9.570878983,23.21114731,9.867520332
ih24.jpg,-1.861801744,-2.297040075,10.42573166,5.426323041,5.208705366,14.24996281,15.63736534,12.30685616
ih25.jpg,-4.330867156,0.008077547,10.47544193,5.211988837,4.282265902,9.380271912,23.3615303,11.18621731
ih26.jpg,-4.861768708,-0.69001466,10.20015335,4.798705131,5.221820623,9.321122169,18.45591736,9.565688133
ih27.jpg,-1.144150831,0.237840414,10.71001816,5.038141832,4.220997915,15.10990334,25.35462379,14.74346638
ih28.jpg,-5.025080964,-1.966493763,10.16537762,4.289726913,5.913221464,12.05919838,16.32281113,8.458194733
ih29.jpg,-4.646082222,-3.911332041,10.80418682,5.521769822,6.353857368,7.992205143,16.45773697,19.0359726
ih30.jpg,-4.317149147,-1.585828513,10.19992447,4.799928889,5.316898227,13.83868885,18.35009384,8.819273949
ih31.jpg,-4.048008472,-0.760431029,10.28139019,4.88855727,5.00805527,12.54982758,19.58005333,9.405918121
ih32.jpg,-3.237048164,-3.70647423,10.63971138,4.866308719,6.484431028,10.07569599,12.78458786,19.33180618
ih33.jpg,-3.798102215,-1.868583634,10.20132828,4.960355908,5.733380094,10.48014641,13.99918175,9.235466003
ih34.jpg,1.143854018,1.27394367,10.94384575,5.390710756,3.420767188,34.70469666,28.04796219,18.71949005
ih35.jpg,-4.6973221,-2.699317038,10.94617462,4.6675466,5.591189116,9.698293686,25.87060547,20.63827133
ih36.jpg,-6.671996415,-1.098896563,10.97989464,5.370615423,4.557711259,7.995770454,29.44517899,17.70983887
ih37.jpg,-4.702781886,-0.5649684,10.53253269,5.043806881,4.912533984,8.893512726,22.32535744,12.75256252
ih38.jpg,-9.187097102,0.298444927,10.3539629,3.707534075,3.062540106,36.21073532,41.42094803,8.692733765
ih39.jpg,-6.438857317,1.074614935,10.33499432,4.314763844,4.914107919,8.814592361,25.82180214,9.924035072
ih40.jpg,-4.075399786,-1.293525752,10.36286831,5.087095127,5.748836324,9.013949394,14.96825314,11.74460506
ih41.jpg,-4.965405166,0.081915222,10.43703365,5.047495663,4.766806588,8.755614281,22.21892929,11.20783806
ih42.jpg,-3.781388327,-2.206453122,10.58119202,5.324761569,5.669727176,8.613425255,16.63696861,14.7173996
ih43.jpg,-1.302394923,-1.833321527,10.62282562,6.274788827,2.990882657,40.41345215,24.5977478,13.73610783
ih44.jpg,-2.323353663,-2.219282277,10.56344604,5.130921677,5.612713471,10.89285374,17.29151154,15.06217575
ih45.jpg,-4.62616384,-1.430349611,10.65265179,4.577990249,5.518388376,9.552793503,20.42466164,16.84175491
ih46.jpg,-10.7414484,-3.979162872,10.10476494,4.096966982,3.374461457,54.10063171,37.2250824,9.424562454
ih47.jpg,-3.857854381,-3.964522108,11.06735897,4.798971862,5.932499468,9.738826752,24.25564766,22.54885864
ih48.jpg,-5.679982156,-2.670570649,10.19944,4.681818187,4.873786122,23.25676155,22.60338974,9.011065483
ih49.jpg,-3.787896782,-2.737306617,10.74816704,4.611012712,5.935724452,9.847924232,17.7750206,19.48365784
ih50.jpg,-3.706093132,-0.906590186,10.48058701,5.544184521,3.186061606,32.06586456,27.85676384,11.42553329
ih51.jpg,-4.588900506,-1.808562875,10.21618938,4.680455849,5.573458597,11.59865761,16.79888344,9.337369919
ih52.jpg,-2.909339592,-3.810504451,10.22128773,5.323234573,5.569289997,15.9862833,12.23396015,9.697510719
ih53.jpg,-8.455304801,0.883359648,10.34065056,3.864569217,3.085052967,34.29813766,40.35629272,8.496008873
ih54.jpg,-4.865462705,-0.145509653,10.49009705,4.927798733,4.654854164,9.231412888,23.57761765,12.03263283
ih55.jpg,-4.599219561,-5.465758219,11.33224392,4.534528032,6.655798852,9.412109375,25.09511566,27.67052841
ih56.jpg,-2.150249109,-3.644314036,10.57456303,4.772742093,6.299328804,20.07737732,12.5658226,18.59594727
ih57.jpg,-7.678195089,-7.818180323,10.08948994,5.223069713,4.98223491,53.4853096,22.62773895,11.06518745
ih58.jpg,-1.128462888,0.244026445,10.67413139,5.874853581,2.768049389,37.2359848,28.64484215,13.40348434
ih59.jpg,-5.210041255,0.244336948,10.4049511,4.933232814,4.727436975,8.769371033,22.83878708,10.738657
ih60.jpg,-2.915221639,0.293926336,10.46606445,5.417307094,3.740308434,29.19052124,26.14470291,11.52582836
ih61.jpg,-3.173917532,-2.311742119,10.88169289,4.406966269,5.368094519,12.0429306,25.41254807,20.19326973
ih62.jpg,-4.539908096,-0.442657061,10.49557304,5.114944652,4.886399582,8.784651756,21.46158981,12.18594837
ih63.jpg,-8.64988789,-1.31776398,10.41003323,4.224808514,2.61391867,47.16861725,42.40274811,9.976677895
ih64.jpg,-5.047334358,0.218597613,10.33339405,4.650405422,4.749497771,9.570878983,23.21114731,9.867520332
ih65.jpg,-1.861801744,-2.297040075,10.42573166,5.426323041,5.208705366,14.24996281,15.63736534,12.30685616
ih66.jpg,-4.330867156,0.008077547,10.47544193,5.211988837,4.282265902,9.380271912,23.3615303,11.18621731
ih67.jpg,-4.861768708,-0.69001466,10.20015335,4.798705131,5.221820623,9.321122169,18.45591736,9.565688133
ih68.jpg,-1.144150831,0.237840414,10.71001816,5.038141832,4.220997915,15.10990334,25.35462379,14.74346638
ih69.jpeg,-1.774475537,-1.765910536,10.69438553,4.65092808,5.403726548,13.20136738,21.13215637,17.97185135
ii1.jpg,-5.963981897,-0.239876658,10.42443562,4.899148643,2.915673517,38.23406982,33.64673233,10.59828758
ii2.jpg,-5.327425897,-1.660324447,10.44842052,5.117778108,2.819988318,42.2855072,31.57940865,11.14697266
ii3.jpg,-3.094915487,-1.403439417,10.28469944,5.697779357,4.781003669,24.928936,13.65562916,11.59275436
ii4.jpg,-1.616686769,-1.005110145,10.41750431,5.569485575,4.470717534,24.06886673,16.63306808,12.70810127
ii5.jpg,-6.271989644,-1.319725439,10.40806866,4.800066724,2.845821716,42.50161743,34.19257355,10.49904537
ii6.jpg,-5.22133112,-0.261370838,10.46609592,5.25400117,2.71018222,38.16806793,32.77993011,11.14492989
ii7.jpg,-5.22133112,-0.261370838,10.46609592,5.25400117,2.71018222,38.16806793,32.77993011,11.14492989
ii8.jpg,-5.327425897,-1.660324447,10.44842052,5.117778108,2.819988318,42.2855072,31.57940865,11.14697266
ii9.jpg,-6.271989644,-1.319725439,10.40806866,4.800066724,2.845821716,42.50161743,34.19257355,10.49904537
ii10.jpg,-4.867283627,-0.18122606,10.49676323,5.408187583,2.468516305,42.50282669,33.27679443,11.61130428
ii11.jpg,-3.07952743,-1.310842577,10.46892071,5.765869468,3.401044011,34.25659943,24.4753952,11.9948082
ii12.jpg,-2.695693634,-2.302137017,10.41031742,6.315518916,4.201141745,32.34989166,11.55288124,14.49283218
ii13.jpg,-3.094915487,-1.403439417,10.28469944,5.697779357,4.781003669,24.928936,13.65562916,11.59275436
ii14.jpg,-1.616686769,-1.005110145,10.41750431,5.569485575,4.470717534,24.06886673,16.63306808,12.70810127
iii1.jpg,-5.077511445,-2.09149532,10.42240334,5.440689623,3.000217117,40.0417099,30.50145149,11.18063831
iii2.jpg,-5.816246942,-2.834426239,10.33217144,4.849119857,3.822859004,35.0014801,27.93553162,10.20642662
iii3.jpg,-5.279548094,0.616412051,10.59042645,5.038430169,2.335584164,38.59970093,37.85532379,11.49038601
iii4.jpg,-6.251683086,-0.376649201,10.38242054,4.386934638,3.859785944,23.62325668,30.95795441,9.409300804
iii5.jpg,-6.443889439,-0.292313099,10.39638996,4.493462294,3.24305594,32.66143036,35.60832596,9.647097588
iii6.jpg,-5.285668373,-2.93770209,10.40160465,5.286560208,3.18024829,42.04294968,30.00907898,11.13423443
iii7.jpg,-5.316672102,-0.320965983,10.32034016,4.585551098,4.261860996,19.48187637,27.01016426,9.085155487
iii8.jpg,-4.448523372,-1.559161767,10.551054,5.501635,2.675732598,43.38672638,32.88328171,12.17134571
iii9.jpg,-4.906656966,0.48948545,10.49938774,4.903192073,3.184032068,28.30489159,32.28586578,10.64306927
iii10.jpg,-2.925357223,-0.47052037,10.47424698,5.555728823,3.331131488,29.85045624,26.57213593,11.23908997
iii11.jpg,-6.461910158,-0.400790572,10.53029442,4.781155661,2.372802049,40.78095245,39.87794495,10.92176342
iii12.jpg,-3.894722089,-2.557061985,10.49480247,5.999622121,2.901305631,45.09629822,26.68413353,12.68727684
iii13.jpg,-4.405493662,-1.53416805,10.24896622,4.656065628,5.309893936,11.87209511,18.34717178,9.130968094
iii14.jpg,-6.376381963,-3.812064976,10.20301151,4.367851838,4.881072417,29.85355377,23.25177574,9.212306976
iii15.jpg,-5.123301223,-0.443558395,10.32534027,4.418385029,4.608267546,14.7218523,24.75938606,9.035349846
iii16.jpg,-7.239092886,-3.291656822,10.12760353,3.788301721,5.66582717,20.38410378,21.78004837,8.072795868
iii17.jpg,-5.740135163,-2.812220901,10.2329073,4.477085173,4.582376778,27.75545311,24.2473793,9.141350746
iii18.jpg,-5.932589248,-3.042086586,10.38687038,5.426088721,2.96853669,47.15989304,30.60763931,11.38632393
image1.jpg,1.319269743,0.97179357,11.03590584,6.379142404,2.055570111,54.27957916,29.89103889,20.73410988
image2.jpg,-1.90879833,-0.210954621,10.52342129,5.712809786,3.625485301,25.92198181,23.14598846,12.18862724
image3.jpg,-1.538099814,0.32890439,10.56982613,5.543364212,3.635317087,29.65417099,25.47636986,12.67398548
image4.jpg,-4.867283627,-0.18122606,10.49676323,5.408187583,2.468516305,42.50282669,33.27679443,11.61130428
image5.jpg,-4.805532098,-1.021399163,10.57262325,4.894497246,5.050589144,9.400940895,22.76099968,14.20954895
image6.jpg,-4.637269303,-0.478995778,10.26275158,4.615718499,5.019528791,10.08088112,20.28922844,9.359127045
image7.jpg,-4.781089351,1.076574065,10.48467731,4.632513598,3.183638304,25.77680206,31.88209724,10.05420494
image8.jpg,-3.052238189,-2.90811304,10.6655426,4.760805145,5.977723747,10.06060886,16.83230209,18.19878006
image9.jpg,-1.090475451,-1.804964431,10.47294617,5.07347025,5.395812541,18.87523651,11.91412354,15.36823654
image10.jpg,-0.327528175,0.42660553,10.61439133,5.131779984,4.422371835,20.64911842,19.97607422,15.26655388
image11.jpg,-5.584022403,0.264386646,10.35093594,4.319246858,4.389856756,13.28945827,26.81862831,8.957816124
image12.jpg,-4.247961566,-0.916772895,10.45456219,5.205700547,3.301364928,32.31064606,28.86247063,10.90709877
image13.jpg,0.053710956,-0.75869076,10.70456219,5.550314113,3.997565806,30.37469864,20.23781586,16.72974396
image14.jpg,-3.342776373,-4.648697376,11.00957775,4.215011746,6.746405363,10.58642292,18.83263969,25.07197762
image15.jpg,-4.13252227,1.202600263,10.48603725,4.914998263,3.035411984,25.13715744,31.56329346,10.10382843
image16.jpg,-2.236278914,-2.378693409,10.42322254,5.787498504,4.213189334,25.50145149,17.84565735,11.77807903
image17.jpg,-4.942476377,-0.27824305,10.29995728,4.899602383,4.102749377,23.31488037,25.61079407,9.429392815
image18.jpg,-0.914923847,-1.54452417,10.49803257,5.516722053,4.489308968,23.23621178,14.96530914,13.39523983
image19.jpg,-4.940901697,-3.190597892,11.13479424,4.79798764,5.673635006,8.989592552,26.97520638,22.54289246
image20.jpg,-3.614172712,-2.361824177,10.57351112,4.842729867,5.729934946,9.583219528,17.27425385,16.13600922
image21.jpg,-1.044362038,1.335427724,10.99782372,4.944881052,3.399106115,27.18344688,32.71921539,19.67160034
image22.jpg,1.77170895,-0.10795407,11.30314827,4.78252843,3.997154906,48.49308395,25.98422623,29.09053802
image23.jpg,-1.012023725,-1.193899103,10.60717964,6.313581765,3.121848591,41.2039566,22.78497696,14.14963913
image24.jpg,-8.53208378,-7.578124851,11.97555447,4.156532139,7.462913543,7.756598949,33.25534058,38.70936966
image25.jpg,-3.903695196,-1.384069771,10.91283321,2.886432037,7.194078714,30.31600571,14.07401657,33.10335541
image26.jpg,-1.143043488,-0.35668835,10.49717331,5.471132696,4.444333538,26.13176346,20.29351807,13.32629395
image27.jpg,-0.034230202,2.096235566,10.91864014,5.132744089,3.461308032,24.51176453,30.19036102,17.46403313
image28.jpg,-1.926924661,-1.815668866,10.47961521,5.333865061,4.934251308,10.42960739,17.74869156,12.65286255
image29.jpg,-1.35971196,-1.128179207,10.50355911,5.440415442,4.477280006,23.01703835,17.61077499,14.44980812
image30.jpg,-1.698019169,-3.090144321,11.84117889,3.762608767,5.735502765,16.95202446,36.8045311,34.5695076
image31.jpg,-3.156762943,-3.961072117,10.76823139,3.846601024,7.303132117,12.87814426,12.66912842,24.27645302
image32.jpg,-2.29049325,-1.031292602,10.39107895,5.328470841,4.380726814,14.04868698,18.78514862,10.16581345
image33.jpg,-4.463286325,-0.496421941,10.2726965,4.609008133,4.796794802,10.703578,20.33025742,9.182821274
image34.jpg,-2.596475184,2.070551179,10.70065784,5.452249944,2.30807066,30.85401726,35.1556778,12.27939701
image35.jpg,-4.044364393,-2.110667527,10.65712833,4.918510467,5.531132966,9.168179512,19.24291611,16.35861588
image36.jpg,-1.389106736,-1.527862437,10.41691208,5.458218232,4.860338941,18.71821594,15.33066273,13.29489136
image37.jpg,-2.105275728,-0.755594112,10.71972179,4.429520667,5.422531068,16.17032242,20.6190567,19.70040512
image38.jpg,-4.15260531,-0.827481784,10.36424732,4.980822653,4.053067416,21.82684517,24.84942055,9.862306595
image39.jpg,-8.172186464,0.937219895,10.4453249,3.357097507,2.9734727,28.66885567,43.9520607,8.143039703
image40.jpg,-3.35053429,1.805785857,10.57490921,4.912640154,3.255552426,18.34426117,31.93666458,10.72047997
image41.jpg,-6.432676315,-0.323867612,10.37580681,4.382545874,3.362661228,31.94116974,34.86467361,9.397556305
image42.jpg,-4.440044239,-4.937304184,10.23215866,5.313370004,4.845419899,30.23477173,16.4889698,10.39453316
image43.jpg,0.761191454,1.586142741,11.09132385,5.044963956,3.285931051,35.52936935,29.78805923,22.17379379
image44.jpg,-1.304724533,-2.909844555,10.70764446,4.674532637,5.86573258,12.05983543,16.97419357,18.1951828
image45.jpg,-3.651829436,-2.807792649,10.88963413,4.893234,5.572289601,9.588925362,23.23113441,19.41295242
IMG_3236.JPG,-2.727612108,-1.388658769,10.58659458,6.038182601,2.656589635,42.9780159,27.61361122,13.03364563
IMG_3421.jpg,-5.542981252,-1.12777818,10.24260521,4.650162533,4.487510398,21.76652908,24.7495842,8.905238152
IMG_4421.jpg,-5.163906515,0.134645216,10.37499237,4.804417863,4.66965884,9.085398674,22.96143341,10.36941242
IMG_4425.JPG,-0.464725122,-0.810970552,11.14521217,4.054579511,5.370663106,22.90457726,24.64337349,26.11048889
IMG_6009.jpg,-4.671996832,-3.854509443,10.32453346,5.587530136,3.815291077,39.1157074,21.96245193,11.1860981
IMG_6267.jpg,-4.56793718,0.095573254,10.4390173,4.946107045,3.544980288,23.59496117,28.69187355,10.19786644
IMG_8177.JPG,-0.770830922,0.220652483,10.58665848,5.762033165,3.830816224,32.88629913,24.24030685,13.87064743
IMG_20191212_124418.jpg,-7.580702752,-0.306255743,10.28221798,3.820858523,4.463536292,20.37757874,32.29565048,8.176944733
IMG_20200623_151630.jpg,-5.360204726,-1.16210226,10.32719803,4.657313228,4.354813695,17.85233498,26.60987854,9.20212841
IMG_20200623_175535.jpg,-4.575719684,1.020007394,10.6253376,5.000923201,2.373842523,27.50752068,37.20689392,10.90226364
IMG20220903160840_BURST002.jpg,-4.09559533,-2.475982718,10.44766331,6.247993931,2.634519897,50.16382217,28.82118034,12.55743217
P1379793.JPG,-6.024561077,-1.068895496,10.16273689,4.005222768,5.644178391,11.8813858,19.90552521,8.305999756
P1379795.JPG,-5.591648445,0.335829705,10.37594128,4.657663777,4.746532813,9.117816925,24.02070808,10.37048912
PE_1.jpeg,-5.841861665,0.081866235,10.36511135,4.683810472,3.562999889,27.54298592,31.53955078,9.513678551
PE_2.jpeg,-4.100432619,0.916668959,10.4962883,4.948855937,3.40353176,13.69054985,30.01746559,10.08045006
PE_3.PNG,-4.431784153,2.752983756,10.85457897,5.367308855,2.18837671,18.35137177,41.42720413,14.65090942
PE_5.jpeg,-4.309932515,-1.492239349,10.27855778,4.873885959,5.013890192,13.26530838,20.48412323,9.373394966
PE_6.jpeg,-2.992239036,-2.778498083,10.66655159,4.890172929,5.857395008,10.24816895,16.47166443,17.87839127
PE_7.jpg,-0.13988791,0.366416387,10.78249931,6.057845429,2.897611074,43.74226761,26.03752708,16.44976044
PE_8.jpg,-3.076310083,-0.068988837,10.45009995,5.072358996,4.123754427,12.52202797,24.44635773,10.56592178
PE_9.jpg,-2.886731178,-2.097659931,10.44918346,4.942212254,5.504833907,15.79338264,15.16264725,15.47790432
PE_10.jpg,-5.963981897,-0.239876658,10.42443562,4.899148643,2.915673517,38.23406982,33.64673233,10.59828758
PM_1.jpeg,-6.925454736,2.625158243,10.55707741,3.974001855,2.185811847,29.91627312,45.9162178,9.198309898
PM_2.jpeg,-3.250126913,0.261360407,10.52342606,5.345278606,3.164038807,24.55267715,29.3498497,10.90265179
PM_5.jpeg,-4.13377285,-1.09943226,10.51568031,5.54631725,2.848228067,39.91220474,30.33125305,11.9254179
PM_6.jpeg,-5.537939817,-3.264509887,10.31065464,5.071133003,3.627144545,39.80375671,27.31222916,10.26003647
PM_7.jpeg,-2.836602926,-6.528467685,10.38377666,6.412699074,4.395977408,36.51278687,13.30434704,12.54911041
PM_8.jpg,-7.889778167,-6.688046455,11.87363911,3.986451775,7.143285871,8.625371933,33.48114014,36.67655563
PM_9.jpg,-6.484884769,-2.762120403,10.17385578,4.366761073,4.937070981,26.86227417,23.16027451,8.83698082
PM_10.jpg,-1.812565513,-1.350015309,10.32261753,5.074501038,5.472889543,13.29338169,13.86830997,13.01789284
PTF_1.jpeg,-2.582328394,-0.644372776,10.5819664,5.302687734,4.263740405,15.97350502,23.92127609,13.16397285
PTF_2.jpeg,-5.025973171,-2.527793869,10.88002872,5.109223351,5.281325057,8.938966751,24.09490585,18.71409416
PTF_3.jpg,-3.441452608,-0.7048795,10.45502567,5.468389392,3.65967378,25.45747375,26.76989746,11.00866985
PTF_5.jpeg,-3.306369856,-0.832927227,10.43045139,5.541064963,3.627830744,29.84861183,24.80951691,11.2038517
PTF_6.jpeg,-4.044653848,-1.989411563,10.24739456,5.025665462,5.847213417,10.47558022,13.68627739,10.00163651
PTF_7.jpg,-4.591216892,-0.048806891,10.41409492,4.782247171,3.809462488,20.43403244,28.47093391,9.748140335
PTF_8.jpg,-4.338302091,-3.719071299,10.21482944,5.413936824,5.002031475,24.8484745,16.2611351,10.21245956
PTF_9.jpeg,-6.801386178,-1.427546702,10.19658947,4.09694314,4.974717274,19.00993919,26.38652039,8.179227829
PTF_10.jpeg,-5.221407115,0.168154016,10.39758778,4.88646552,4.757843167,8.938105583,22.68003464,10.73755074
PXL_20221112_081058557.jpg,-3.47594358,-1.078832522,10.34825993,5.398463458,3.979328275,25.92868423,22.6554184,10.34408092
PXL_20230422_061544109.jpg,-5.018024892,0.001970865,10.39871216,4.93285954,4.854005575,8.924925804,21.8147316,10.89266205
q1.jpg,-5.685088038,-4.06854786,10.11935902,4.667606205,5.227092281,25.67507362,19.00401688,9.218349457
q2.jpg,-2.302128822,-3.599327058,11.18657112,4.54313606,5.747449398,11.86256409,25.50746155,24.40044785
q3.jpg,-3.859152645,-2.562435344,10.27017212,5.323718488,4.950549826,19.55050659,17.54856873,10.11744404
q4.jpg,-9.926009923,-3.373128176,10.15371227,3.415384144,4.131804407,40.54370499,36.39788818,8.130687714
q5.jpg,-7.437013835,0.273161195,10.393857,4.093727097,3.143960238,31.83751488,37.91093826,9.146724701
q6.jpg,-4.415082186,-2.686139755,10.34937668,5.462663248,3.837098181,35.59022141,23.22144699,10.94585896
q7.jpg,-9.33913812,-0.024524331,10.36705208,3.683392704,2.639671974,41.59173965,44.42276382,8.743768692
q8.jpg,-3.389169648,-2.846414968,10.71783638,5.028314888,5.659140646,9.274453163,18.6047287,17.31529808
q9.jpg,-5.781980231,-5.476213992,10.20171738,4.774187878,4.766371846,35.23826599,20.4173317,9.765510559
q10.jpg,-8.332193643,-2.595482394,10.23498535,4.079115391,3.856296837,39.03147125,33.49803543,8.972011566
q11.jpg,-6.081308797,-6.186060607,10.13096809,4.830233753,5.452962592,34.59252167,18.59898376,9.763197899
PE_4.png,-3.912174702,-0.778318197,11.58144188,4.497548938,3.884315491,15.91455078,43.97149658,26.17380524
PM_3.png,-7.401666045,-2.140884846,10.25166988,3.974873573,4.326482117,26.71233559,30.4326973,8.416231155
PM_4.png,0.301277731,2.001422457,11.06876373,5.220611021,2.863685787,31.96074677,33.05253601,19.92291451
ss1.jpg,0.826823618,-0.552364998,10.74269485,5.24439849,4.606185853,29.03810501,18.61756134,17.70808411
ss2.jpg,-3.514285013,-1.118897088,10.3361454,5.034379661,4.700846598,13.45844173,20.23663712,9.612856865
ss3.jpg,0.107208919,0.124663673,10.58858585,5.371049419,4.349209368,20.25750732,19.99352074,13.81926727
ss4.jpg,-1.266920753,1.302646287,10.64015007,5.499942601,3.264765814,27.13038063,27.01209831,14.06725311
ss5.jpg,-3.506709263,-0.608018227,10.31693745,5.111359805,4.305976629,18.37850952,21.65526199,9.595326424
ss6.jpg,-4.07117568,-5.062445253,11.20821667,4.016275704,6.954295188,10.65360069,22.42156219,28.18965149
ss7.jpg,-6.053728983,-3.379128128,10.21442699,4.658523947,4.513893276,31.10888863,24.56113052,9.316212654
ss8.jpg,0.161412638,0.340009294,10.92868423,4.911565781,4.105291143,29.09435844,24.99192047,21.26860809
ss9.jpg,-0.243428908,-2.099547163,11.31832504,3.322643042,6.514291465,21.85776138,22.56412506,30.52937317
PTF_4.png,-1.487270463,0.439148583,10.60068607,5.376293883,3.471149877,19.15639877,25.1377182,11.5562458
ss10.jpg,-1.662943885,-1.13938069,10.51560974,5.232416093,4.578454792,20.85915756,18.38044739,14.05157661
ss11.jpg,-3.924040869,-2.067451738,10.26955032,5.073797703,5.006411299,15.26976585,18.62822723,9.583548546
ss12.jpg,-2.872104943,-3.915140778,10.30276394,6.101436913,4.620186985,29.99476433,13.5137825,11.68637753
ss13.jpg,-2.470595017,-0.31971503,10.42319202,5.250186473,4.186465219,13.10226059,21.98548508,10.18273067
ss14.jpg,-3.404142335,-3.906511143,10.87321472,4.239578173,6.490582228,11.12624836,17.18630981,23.68008995
ss15.jpg,0.603356864,-0.492875837,10.76016521,5.812131241,3.595965356,32.21307373,21.43749237,15.55742073
ss16.jpg,-1.970327459,-2.830385976,11.28054047,2.844843082,7.368810475,19.53429031,20.29952812,33.21157455
ss17.jpg,-3.779792413,-2.429397777,10.58781433,5.005977675,5.908057839,9.070163727,15.70172691,15.86415482
ss18.jpg,-0.879530422,1.010218449,10.646348,5.385026708,3.354391456,16.92835617,27.23654366,11.90876389
ss19.jpg,-9.057524055,2.013690583,10.55664349,3.317753226,1.888817176,40.69908524,52.32639313,9.014306068
ss20.jpg,-1.324647292,-0.269853882,10.56223106,5.053938553,4.736621678,14.52378654,21.08346176,14.61013794
ss21.jpg,-3.734681755,-1.094760187,10.48432159,5.122100562,3.529100865,23.69525528,27.90842056,10.54279137
ss22.jpg,-2.302315272,-1.352478471,10.41673946,5.178470165,5.172412097,13.21840096,17.59560776,12.97709084
ss23.jpg,-2.960657701,-1.128940284,10.44396496,5.373474583,4.426649958,10.13657188,19.7330246,11.17213249
ss24.jpg,-2.52116695,-0.114395097,10.55192757,5.537260324,3.243397176,28.88487625,27.22958946,11.75562668
ss25.jpg,-5.281363055,-0.026538037,11.07854843,4.983725399,3.0715378,11.58728123,39.19106674,16.35425186
ss26.jpg,-5.887930468,0.040488318,10.29128265,4.233852774,4.609968141,13.9353981,26.26535225,8.58690834
ss27.jpg,-0.220694672,-0.944153219,10.67358112,5.512814224,4.302956164,20.08051682,20.78249359,14.30820274
ss28.jpg,-1.872610115,-0.210451148,10.42227936,5.31745702,4.170874879,16.56633568,20.54568863,10.28598118
ss29.jpg,-0.565578602,-0.088284165,10.83925056,4.508278519,4.857484624,20.99880981,21.43382263,20.65022659
ss30.jpg,-3.823824972,-1.061858051,10.60368538,4.942144081,4.795278609,10.33974648,23.58690071,14.29216194
ss31.jpg,-3.296876326,-0.200931355,10.48052025,5.123387277,4.127217457,17.70311165,24.51127625,11.00897598
ss32.jpg,-1.161445118,-2.026501112,10.73571491,4.204326868,6.183663756,14.98798084,15.13899994,20.48381424
ss33.jpg,-4.293398187,-1.875521243,10.30809212,4.939987138,4.586478695,18.30903816,21.66278458,9.616755486
ss34.jpg,-4.582872242,-1.076194458,10.31603146,4.982176423,4.398582503,19.73859787,23.5327549,9.683253288
ss35.jpg,-5.942683294,-1.957080327,10.19412231,4.355080426,5.273070186,16.77613831,22.12452698,8.567564964
ss36.jpg,-2.367697656,-3.077782877,10.35083199,5.900250748,4.389739037,25.9542408,15.78885365,11.33236313
ss37.jpg,0.712533761,-0.520460308,10.88369465,4.907496274,4.615008831,23.56364822,21.79504776,19.45997047
ss38.jpg,-4.289072007,-4.54300642,11.28803635,4.415161163,6.340886652,9.956063271,27.17783165,26.50098038
ss39.jpg,-1.405653544,-2.035729028,10.89099121,4.696024209,5.259677395,22.50838089,20.60329437,21.76182175
ss40.jpg,-2.250205912,-0.768036395,10.46575928,4.967388138,5.058417469,16.5051136,18.67994308,14.79252148
ss41.jpg,-1.586272568,-0.845258497,10.62888432,5.421635509,4.193528742,18.31548691,22.19581223,13.90274239
ss42.jpg,1.881955564,2.758884989,11.11879349,5.796663463,2.182911709,48.43775558,35.68115234,20.68502045
ss43.jpg,-1.347963139,-1.445119735,10.93333435,4.807774723,4.877175763,19.79581642,23.15026474,20.54668999
ss44.jpg,-3.870657086,-3.198578954,10.19713211,5.126225203,5.603910983,14.76319313,14.3923378,9.513911247
ss45.jpg,-1.758269593,1.200643368,10.67007446,5.554567277,2.953258716,26.22393608,30.17284203,12.58340359
ss46.jpg,-3.327022493,-1.084555127,10.41821861,5.207195505,4.664477333,10.35261726,19.44317245,11.13330364
ss47.jpg,-5.781001598,-2.378343418,10.23921871,4.668166488,4.642450437,24.33393097,24.69725418,9.253181458
ss48.jpg,-2.522023581,-1.318698656,10.38354397,5.153296515,5.042035878,11.63402367,17.45391464,11.71268177
ss49.jpg,-2.706050873,-2.592579834,10.47105503,5.106095225,5.765066296,10.06410503,13.29331493,15.00648308
ss50.jpg,-0.593278185,-0.849570706,10.69356441,4.956933111,5.225556716,32.81499481,14.91290855,20.61661911
ss51.jpg,-4.239843041,-0.536352023,10.31831741,4.789842665,4.713835195,12.88519478,21.64164352,9.277896881
ss52.jpg,-0.603006221,-1.352084149,10.50894833,5.478321016,4.749955982,22.74053192,16.54550934,13.85637665
ss53.jpg,-1.250457857,-1.046732813,10.4276886,5.876530334,4.067844525,24.78945923,18.26233673,11.55149841
ss54.jpg,-2.125192247,-1.158782188,10.3895216,5.547869951,4.114899784,23.32415771,20.31064224,10.64719963
ss55.jpg,-3.728929535,-0.591691583,10.41152477,5.250056833,4.509415478,9.534322739,20.79780197,10.87953854
ss56.jpg,-4.262943938,-1.055827551,10.35883999,5.113049224,4.037216306,21.31319046,25.39199829,9.936819077
ss57.jpg,-0.694226101,0.228600949,10.65696621,5.898404494,3.033509292,30.58189201,27.29820633,12.80018234
ss58.jpg,-3.246153519,-5.099768937,11.06743813,3.948329762,7.166403532,11.12799358,19.25216484,26.59754181
ss59.jpg,-3.426070511,-0.631685928,10.37687874,5.142644048,4.365304857,12.85088634,22.04006195,9.804496765
ss60.jpg,-1.851469651,-3.05924397,10.66183949,4.381835088,6.418041885,11.90073872,14.91709805,19.86037064
ss61.jpg,-2.082671598,-1.867855713,10.39971161,5.608544871,4.401811957,19.26349258,18.8336792,10.78273964
ss62.jpg,-1.422393974,-0.671488233,10.61691093,5.322288722,4.2949453,13.78144646,21.29512405,13.33371162
ss63.jpg,-0.451773498,-0.848535821,10.59824181,5.543357879,4.284950346,28.80519676,18.72393608,15.49556732
ss64.jpg,-0.901902281,-1.28311431,11.79641533,4.157587141,4.026040062,34.93265533,40.08024597,34.41305161
ss65.jpg,0.23428062,1.572768949,10.89094448,5.359247327,3.658631444,28.96045303,29.5496769,18.38576126
ss66.jpg,-4.21433486,-0.715605356,10.50588512,5.17843999,5.021587387,8.837856293,20.47434235,12.53022575
ss67.jpg,-3.804562986,-1.085278764,10.86335754,5.120969936,4.099269584,10.94087791,29.5506134,15.91192627
R_cbjj (1).png,-3.199122846,-2.722661383,11.14528656,4.073732719,5.665235221,12.85213184,27.1011982,25.41294861
R_cbjj (2).png,-4.039854929,-2.017855085,10.65961266,5.240564048,5.272968858,8.841156006,20.04686165,15.14122581
test_1.jpg,-4.432117194,-0.299297273,10.46777534,5.251189321,4.756359756,8.707746506,20.92860794,11.61353874
test_2.jpg,-3.514285013,-1.118897088,10.3361454,5.034379661,4.700846598,13.45844173,20.23663712,9.612856865
test_3.jpg,-3.043627366,-3.346813098,10.22065735,5.192168057,5.352744088,16.93690872,13.21917915,9.605912209
test_4.jpg,-3.233117238,-1.606780663,10.41858196,5.339027941,3.808224201,29.26393127,23.89940643,10.83937263
test_5.jpg,-7.144615799,0.4885545,10.3766613,4.19257544,3.422225639,27.17407036,35.43795013,9.067760468
test_6.jpg,-7.144615799,0.4885545,10.3766613,4.19257544,3.422225639,27.17407036,35.43795013,9.067760468
z1.jpg,-4.843766615,0.01310315,10.35304928,4.975678027,4.748163372,8.820214272,21.57943535,10.26351547
z2.jpg,-5.392672867,0.002279691,10.28419209,4.394499213,4.949044436,9.762533188,22.89411926,9.512230873
z3.jpg,-3.516880795,-2.243848145,10.2525959,4.956905171,4.993977025,16.68507385,17.49806786,9.410721779
z4.jpg,-4.997107387,-0.109133124,10.77851105,4.902914539,3.934093565,10.59605598,30.74763489,14.84891319
z5.jpg,-4.361810163,-2.004448511,10.21681023,4.940408468,5.069667846,17.44992256,19.43243217,9.242557526
z6.jpg,-6.164579466,0.878270529,10.5685997,5.103041232,4.153504223,8.491479874,27.46160507,12.09181976
z7.jpg,-6.338874251,-1.9755302,10.98567486,5.228117853,4.981775209,7.947520256,27.31848907,19.00622177
z8.jpg,-6.102575362,-0.743695162,10.20556545,4.038919508,5.438591912,12.21053505,22.08359909,8.410678864
z9.jpg,-1.809343882,0.258317962,10.57153797,5.645570159,3.331885487,32.33935547,26.63927078,12.41174316
z10.jpg,-3.992012516,-2.276136167,10.29844761,5.665519461,3.87378037,33.96101379,23.08085442,10.66240692
z11.jpg,-6.868636608,0.022680685,10.19375706,3.766078874,5.348623917,10.76654053,23.98392487,8.458731651
z12.jpg,-4.450284317,-0.728590786,10.30484104,4.879459366,4.371529073,18.94078636,24.18534851,9.277256012
z13.jpg,-6.021673605,-3.181320429,10.06271553,4.440342262,6.22667484,17.11917496,16.98285294,8.377772331
z14.jpg,-4.089934751,-2.114357054,10.36131477,5.559613556,4.226875305,24.67660904,21.51473236,11.01685333
z15.jpg,-4.616639391,-1.876953244,10.35315895,4.926497489,4.2413041,23.04621506,24.86142921,9.988847733
z16.jpg,-4.209903255,0.177709386,10.49829865,5.123690888,3.485964239,25.61007881,29.43159485,11.02258682
z17.jpg,0.270191114,0.8755574,10.59090424,5.472106487,4.364797473,27.40404129,21.85606766,14.56461811
z18.jpg,-5.517699942,-1.328028459,10.31536007,5.025335029,3.835156932,33.59161377,27.41444588,10.11935616
z19.jpg,-4.460047185,-3.578306735,10.14862537,4.454255104,6.15230836,15.09697437,14.50922394,8.541958809
z20.jpg,-4.671736807,-0.579047762,10.32966042,4.626310989,4.873456061,12.73779583,22.33840561,9.279679298
z21.jpg,-3.732304275,-1.251872536,10.26952362,5.024971068,5.113060027,10.07926655,17.11016464,10.03976727
z22.jpg,-7.239399105,-1.382561214,10.22286606,3.962767124,4.972847924,18.89251328,27.63382912,8.325328827
z23.jpg,-4.94964458,0.074863061,10.44402504,5.041930452,4.767491296,8.776421547,22.27671623,11.30924034
z24.jpg,-5.153755099,0.273893587,10.41487503,4.94857654,4.541865736,8.873016357,23.39545059,10.71092987
z25.jpg,-4.911578447,-0.118891895,10.49255943,4.993564263,4.639041424,9.062755585,23.50575256,11.84211159
z26.jpg,-10.72095335,-2.79018078,9.897746086,2.969381027,5.992151052,26.65500259,28.16833305,6.761481285
z27.jpg,-4.259949923,-1.432136446,10.36739159,5.121040344,4.101606458,21.48052788,24.56649971,10.0802145
z28.jpg,-3.955140337,-0.578969158,10.4696207,5.463570356,4.614239559,8.661862373,19.85157776,11.47560787
z29.jpg,-2.872258797,-0.270114467,10.56505013,5.724079534,3.078305721,36.23451996,29.66700745,12.51303101
z30.jpg,-5.330173299,0.047246367,10.35798359,5.002036318,4.946489632,8.459358215,21.01631165,10.40126324
z31.jpg,-5.320014432,-4.430454224,10.15112591,4.46161516,5.974706262,18.76411438,16.10066605,8.831605911
z32.jpg,-3.080846742,-5.019041896,10.40933323,6.580436975,4.03406471,41.88128281,14.29236031,13.70896149
z33.jpg,-6.457462162,0.718017481,10.34732246,4.019523039,4.643356055,10.4668169,27.99841118,9.339549065
z34.jpg,-6.033096835,-0.39747078,10.36044407,4.339274019,3.745417297,24.45523834,32.00188446,9.02936554
z35.jpg,-5.246445537,-2.774151787,10.15165997,4.242040217,5.913188308,14.56067848,16.71508408,8.516201019
z36.jpg,-3.676886111,-0.201255269,10.43254375,5.083064362,3.889286518,22.93158913,25.7232914,10.4191103
z37.jpg,-6.653200835,-5.717202276,10.07679367,4.303603619,6.632015854,24.79825211,16.59730339,8.886441231
z38.jpg,-1.880891249,1.97852049,10.5988121,5.245430395,3.4564998,23.17222023,28.80168152,12.36344337
z39.jpg,-5.292611197,0.226318836,10.4455986,4.880397394,4.578569531,9.097354889,24.21499252,11.05201817
z40.jpg,-6.332162023,-3.454611078,10.07757568,4.508870095,5.163653567,26.54814339,20.99723053,8.875867844
z41.jpg,-4.610355943,-6.915681064,10.21207142,5.234556273,5.844308063,25.87064934,13.7968998,10.01397228
z42.jpg,-7.012034208,-3.135274723,10.23806667,4.517634958,4.324420914,32.72376251,28.25413895,9.410158157
z43.jpg,-4.701144993,-2.802885324,10.32705784,5.241012201,3.822935373,36.21321869,24.75209808,10.46512032
z44.jpg,-7.589098066,-2.515002899,11.19652748,4.900562018,5.314988643,7.866363525,31.27831459,22.60560608
z45.jpg,-8.402404189,-3.053965978,10.21885204,3.607147932,4.113203287,36.22396851,33.60453415,8.078250885
z46.jpg,-3.918270022,-5.893202871,10.31053829,5.754538253,4.465314373,36.4546814,16.0090065,11.4250555
z47.jpg,-5.594025925,-3.771021217,10.24370193,4.904216155,4.255878925,36.7218399,23.51976204,9.85299015
z48.jpg,-5.242761597,-1.245449577,10.62400818,5.596040934,1.683431119,57.93656158,39.16012955,12.942873
z49.jpg,-5.234150961,0.000127777,10.39590168,4.810067639,5.137993395,8.739455223,21.43504333,11.0899353
z50.jpg,-3.188485652,-1.364877727,10.24124527,5.030173063,5.079742149,10.37012482,16.24196625,9.39329052
z51.jpg,-4.055194184,-0.965818949,10.30806637,4.999408126,4.794187844,18.22438431,20.64336586,10.01241112
z52.jpg,-1.998633891,-0.205449946,10.47294331,5.055248737,4.869052768,16.93659782,20.57750893,13.23980045
z53.jpg,-9.169242531,-3.088397905,10.21558952,3.468295187,4.296835139,36.50663376,35.14134979,8.166801453
z54.jpg,-3.999466076,-2.251956239,10.69924736,4.703754187,5.669678375,9.970036507,21.51026154,17.64794159
z55.jpg,-5.086032674,-1.497564372,10.2944479,4.786655307,4.553151503,20.35632706,23.90338326,9.507501602
z56.jpg,-2.709577605,0.859152712,10.60652065,5.768556893,2.472031489,44.76223755,34.03552246,12.77018452
z57.jpg,-5.117468908,-0.477735139,10.22624016,4.539590329,5.606641248,9.322722435,18.23363495,9.275185585
z58.jpg,-1.291154791,-2.113677561,10.3076992,5.597746372,5.288035795,13.66424465,12.49947453,11.09260082
z59.jpg,-3.987286985,-5.388691276,10.30862999,5.820981413,4.238734022,38.21240616,17.09200478,11.46137619
z60.jpg,-6.355274469,1.282986812,10.49839592,4.940270633,4.138794541,8.370480537,27.82117653,11.12720013
z61.jpg,-5.858384073,0.506790914,10.38347816,4.565815628,4.70832102,9.182135582,25.11525726,10.3459177
z62.jpg,-5.091162026,-0.086260028,10.50669193,4.72757332,4.733975232,9.609441757,24.5175972,12.87250233
z63.jpg,-4.197195917,-0.660434179,10.32462978,5.107460171,4.403899238,19.06737518,23.26787949,9.852222443
z64.jpg,-3.893933073,-1.925641298,10.52989769,4.962060228,5.51219359,9.257857323,18.21468735,14.56872749
z65.jpg,-4.174828902,-0.989570469,10.50887012,5.001137778,5.012938753,9.288645744,21.05230331,13.24008465
z66.jpg,-4.519256204,-0.211248733,10.45780754,5.195853487,4.667055607,8.775595665,21.43523407,11.40658379
z67.jpg,-4.318105802,-1.376874,10.26700306,4.851798713,5.21247834,11.2770462,18.93831635,9.413715363
z68.jpg,-9.056916833,-1.995239407,10.17134666,3.320984542,4.928555712,25.43928528,31.81171608,7.583807945
z69.jpg,-4.816725105,-0.296352804,10.43294048,4.965776578,4.90793176,8.97670269,21.70261383,11.49768162
z70.jpeg,-3.146523982,-0.608622096,10.47035503,5.348647013,4.396895319,13.74027729,22.82617569,11.86617374